{"cameraMode":{"drawMode":0,"name":"Shaded","section":"Shading Mode"},"sceneLighting":true,"audioPlay":false,"sceneViewState":{"m_AlwaysRefresh":false,"showFog":true,"showSkybox":true,"showFlares":true,"showImageEffects":true,"showParticleSystems":true,"showVisualEffectGraphs":true,"m_FxEnabled":true},"in2DMode":false,"pivot":{"x":5.614088535308838,"y":2.0818088054656984,"z":3.7697830200195314},"rotation":{"x":0.0050780512392520908,"y":-0.9724715948104858,"z":0.23212338984012605,"w":0.021323099732398988},"size":5.525075912475586,"orthographic":false}